{
  "accuracy": 0.8846694796061885,
  "precision_wake": 0.7711864406779662,
  "precision_nonwake": 0.9410526315789474,
  "recall_wake": 0.8666666666666667,
  "recall_nonwake": 0.8922155688622755,
  "f1_wake": 0.8161434977578476,
  "f1_nonwake": 0.9159836065573771,
  "precision_macro": 0.8561195361284568,
  "recall_macro": 0.8794411177644711,
  "f1_macro": 0.8660635521576123,
  "confusion_matrix": [
    [
      182,
      28
    ],
    [
      54,
      447
    ]
  ],
  "false_positives": 54,
  "fp_per_hour": 1093.6708860759493,
  "threshold": 0.27000000000000013,
  "n_test_samples": 711,
  "auc_roc": 0.9491303108069575,
  "auc_pr": 0.8682211604312801
}