{
  "accuracy": 0.8804500703234881,
  "precision_wake": 0.7705627705627706,
  "precision_nonwake": 0.9333333333333333,
  "recall_wake": 0.8476190476190476,
  "recall_nonwake": 0.8942115768463074,
  "f1_wake": 0.8072562358276644,
  "f1_nonwake": 0.9133537206931702,
  "precision_macro": 0.851948051948052,
  "recall_macro": 0.8709153122326775,
  "f1_macro": 0.8603049782604173,
  "confusion_matrix": [
    [
      178,
      32
    ],
    [
      53,
      448
    ]
  ],
  "false_positives": 53,
  "fp_per_hour": 1073.4177215189873,
  "threshold": 0.18000000000000002,
  "n_test_samples": 711,
  "auc_roc": 0.950518011595856,
  "auc_pr": 0.8926175641035148
}