{
  "accuracy": 0.9077134986225895,
  "precision_wake": 0.8518518518518519,
  "precision_nonwake": 0.9273743016759777,
  "recall_wake": 0.805,
  "recall_nonwake": 0.9467680608365019,
  "f1_wake": 0.8277634961439588,
  "f1_nonwake": 0.9369708372530574,
  "precision_macro": 0.8896130767639148,
  "recall_macro": 0.8758840304182509,
  "f1_macro": 0.8823671666985081,
  "confusion_matrix": [
    [
      161,
      39
    ],
    [
      28,
      498
    ]
  ],
  "false_positives": 28,
  "fp_per_hour": 555.3719008264463,
  "threshold": 0.5000000000000003,
  "n_test_samples": 726,
  "auc_roc": 0.9517205323193917,
  "auc_pr": 0.8373637650399122
}